index,label,text
15,0,"A 4ª Vara Cível de Brasília condenou nesta semana a cientista política Susana Moita a indenizar a ex-presidente Dilma Rousseff (PT) em R$ 30 mil, após publicar nas redes sociais que a petista foi a autora da morte do soldado Mário Kozel Filho há 50 anos. Ela ainda pode recorrer da decisão. Em post no Instagram em agosto do ano passado, Moita ainda acrescentou hashtags em que xinga a ex-presidente de ""ladra"", ""terrorista"", ""burra"", e mais. A publicação foi apagada. Na decisão, o juiz Giordano Resende Costa escreve que a internet não é ""terra sem lei"". ""As pessoas têm que saber que a internet não é uma 'terra sem lei', as pessoas acreditam na impunidade ao utilizarem o computador ou o celular para difundir no meio virtual impropérios e inverdades"", disse. O magistrado considerou que a ofensa é ainda mais grave dada a formação de Moita. ""Em razão de seu grau de escolaridade e de sua formação universitária, Ciências Políticas, tem conhecimento da repercussão que a falsa notícia causa à vida do ofendido, bem como, de sua disseminação em razão do destaque sensacionalista dado à publicação. Portanto, o que a requerida publicou é repercutido em alta escala, sendo impossível mensurar a extensão da publicação realizada por ela na internet"".Resende Costa considerou também que a liberdade de expressão deve ser usada de forma ""consciente e responsável"". ""Há elementos suficientes para reconhecer que a requerida extrapolou os limites de seu direito de expressão, pois não se limitou a publicar uma falsa notícia, mas imputou de forma expressa, através das hashtags, outros adjetivos ofensivos à pessoa da autora""."
16,0,"O MPF (Ministério Público Federal) arquivou uma denúncia do deputado federal Paulo Teixeira (PT-SP) enviado à PGR (Procuradoria-Geral da República) que questionava a contratação do ex-juiz Sergio Moro (Podemos) pela Alvarez & Marsal. A decisão fala em ""ausência de elementos mínimos"" que justifiquem a continuidade da investigação.""A regra geral é a ausência de vedação legal e constitucional ao livre exercício de atividades privadas após o desligamento do serviço público"", escreveu o procurador Marcus Marcelus Goulart. O magistrado também ressaltou houve um intervalo de quase dois anos ""entre o exercício do cargo de Juiz Federal e o ingresso na consultoria"". Assim, segundo ele, os levantamentos do deputado petista configuram ""mera hipótese"", que não justificam a investigação.""O órgão do Ministério Público só pode investigar fatos concretos e específicos já ocorridos, não sendo possível presumir eventual e futura violação de sigilo de informações da Operação Lava Jato em benefício do grupo Odebrecht"", escreveu.Em dezembro, o ministro Bruno Dantas, do TCU (Tribunal de Contas da União), determinou que a empresa norte-americana revele quanto pagou a Moro depois que ele deixou o cargo, em outubro. O órgão abriu o procedimento para apurar eventual conflito de interesses na atuação de Moro na consultoria, administradora judicial que cuidou da recuperação da Odebrecht, alvo da Lava Jato. A companhia o contratou após deixar Ministério da Justiça do governo Bolsonaro. Nesta semana, a Alvarez & Marsal afirmou que o contrato impedia a prestação de serviços a empresas envolvidas na Operação. Após o comunicado, o subprocurador-geral Lucas Rocha Furtado pediu ao TCU a adoção de ""medidas"" no Banco Central e no Conselho de Controle de Atividades Financeiras (Coaf) para a obtenção dos documentos, diante do ""claro interesse público brasileiro"" no caso. Ontem, Moro disse que divulgaria amanhã seus rendimentos do período em que trabalhou na empresa. ""Não estou cedendo ao TCU. O TCU está abusando, mas eu quero ser transparente com você, com a população brasileira, como toda pessoa pública deve ser"", disse Moro em vídeo publicado nas redes sociais."
17,0,"O Brasil registrou 779 novas mortes pela covid-19 nesta sexta-feira, 28. A média semanal de vítimas, que elimina distorções entre dias úteis e fim de semana, ficou em 472, a pior marca desde 5 de outubro. Já o número de novas infecções notificadas foi de 257.239.Pelo 11º dia consecutivo o Brasil bateu recorde de casos na média móvel, atingindo a impressionante marca de 183.203, o maior número de toda a pandemia. ""Estamos vendo uma explosão de casos no Brasil. Estamos à beira de um tipo diferente de colapso que poderia ser evitado com o uso de máscara e ficando longe de aglomeração. O discurso das autoridades está sendo aquém do que a gente esperava. Não é um momento para estar tranquilo"", diz Carlos Magno Fortaleza, infectologista e professor da Universidade Estadual Paulista (Unesp).O médico aponta que é uma explosão de casos nunca vista, algo que está ocorrendo por causa da variante Ômicron. ""A proporção de pessoas disseminadoras é muito maior. Somando-se a isso está o fato de que a Ômicron tem um relativo escape vacinal. Sem contar que a população relaxou com as medidas de segurança. Isso tudo, com a sensação de que a covid-19 se transformou em uma gripe, faz com que ocorram recordes dias após dias"", afirma. ""A grande maioria vai ter um quadro gripal leve, e isso faz com que as pessoas se exponham e transmitam a covid-19. Mas há quem morra.""O especialista reforça que, com um número tão alto de casos positivos, mesmo diante de uma baixa testagem, o número de mortes também vai subir. ""O que importa não é a percentagem de mortes, e sim a quantidade. Com a Ômicron, a proporção de pessoas que morrem é menor, e de fato as pessoas vacinadas têm menor possíbilidade, pois com três doses da vacina a chance de internação cai 85%. Mas como o número de casos é astronômico, a pequena proporção de mortes da variante pode gerar números grandes absolutos"", avisa.Carlos Magno lembra que em novembro, todas as estimativas eram otimistas, mas aí apareceu a Ômicron. ""O que me preocupa é que estamos com explosão de casos de covid-19 e não se tomam medidas restritivas para frear isso. Se deixarmos do jeito que está, a tendência é que piore até meados de fevereiro. E a redução vai ser interrompida com novo aumento depois do Carnaval. Estamos confortáveis com 300 mortes diárias porque já tivemos 4 mil? Eu não me sinto confortável. Precisamos usar máscaras e reduzir eventos com muitas pessoas"", comenta.No total, o Brasil tem 625.948 mortos e 25.040.161 casos da doença. Os dados diários do Brasil são do consórcio de veículos de imprensa formado por Estadão, G1, O Globo, Extra, Folha e UOL em parceria com 27 secretarias estaduais de Saúde, em balanço divulgado às 20h. Segundo os números do governo, 22.162.914 pessoas estão recuperadas.O Estado de São Paulo registrou 285 mortes por coronavírus nesta sexta-feira. Outros cinco Estados superaram a barreira de 30 óbitos: Ceará (92), Paraná (58), Minas Gerais (44), Santa Catarina (40) e Rio Grande do Sul (31). No lado oposto, o Acre registrou apenas uma morte enquanto Roraima não teve óbitos.O balanço de óbitos e casos é resultado da parceria entre os seis meios de comunicação que passaram a trabalhar, desde o dia 8 de junho, de forma colaborativa para reunir as informações necessárias nos 26 Estados e no Distrito Federal. A iniciativa inédita é uma resposta à decisão do governo Bolsonaro de restringir o acesso a dados sobre a pandemia, mas foi mantida após os registros governamentais continuarem a ser divulgados.Nesta sexta-feira, o Ministério da Saúde informou que foram registrados 269.968 novos casos e mais 799 mortes pela covid-19 nas últimas 24 horas. No total, segundo a pasta, são 25.034.806 pessoas infectadas e 625.884 óbitos. Os números são diferentes do compilado pelo consórcio de veículos de imprensa principalmente por causa do horário de coleta dos dados."
18,0,"Milícias neonazistas ucranianas têm realizado exercícios militares e estão comprometidas a lutar até a morte. (Foto: Polizia di Stato/Handout via REUTERS)A sensível relação entre Rússia e Ucrânia ganhou um novo capítulo no início desta semana. Ao que tudo indica, a milícias neonazistas ucraniana está se preparando para a guerra.Segundo o jornal americano ""The Sun"", o batalhão de extrema direita, Azov, tem realizado exercícios militares e está comprometido a lutar até a morte.                   Além disso, o grupo publicou uma série de mensagens no aplicativo Telegram, que mostram detalhadamente diversos planos táticos do Corpo Nacional que está envolvido nos assuntos de guerra do país.Algumas fotos publicadas no aplicativo durante a última semana também mostram membros da organização participando de cerimônias ultranacionalistas para marcar o Sia da Unidade Nacional da Ucrânia.O país possui diversas organizações milicianas, que surgiram logo após a derrota do país na guerra e a anexação da Crimeia à Rússia em 2014.No entanto, um dos fatores que mais chama a atenção é o fato do batalhão marchar em plena luz do dia exibindo símbolos nazistas e fascistas, além de praticar exercícios de tiro em campo aberto.Até o ano passado, o grupo extremista possuía tratores improvisados que utilizavam como “veículos de combate"" ao estilo MadMax, apelidados de Azovets.Seguindo os princípios nazistas, o grupo afirmou que lutará até a morte de Putin invadir o território.Vale ressaltar ainda que em meados de 2019, o jornal New Republic noticiou os ""clubes de luta"" criados pelo Azov, em que extremistas se envolviam em lutas improvisadas de MMA para ""se prepararem para a guerra contra pessoas não brancas"".Na época, um bar na capital, Kiev, foi o local escolhido para a montagem de um octógono onde um dos principais fascistas do leste europeu, Denis Nikitin, presidiu as lutas.Ao que tudo indica, milícias menores ligadas ao grupo estão preparando abrigos em cidades ucranianas, enquanto outra parte concentra esforços na ""preparação para a luta""."
19,0,"A PF (Polícia Federal) avalia que o presidente Jair Bolsonaro (PL) teve participação ""direta, voluntária e consciente"" no vazamento de um inquérito sigiloso divulgado em suas redes sociais, em agosto do ano passado. A afirmação foi feita em despacho assinado pela delegada Denisse Dias Ribeiro, responsável pela investigação.O documento, datado do dia 24 de novembro, foi anexado aos autos do inquérito que apura ao caso junto ao STF (Supremo Tribunal Federal). A delegada afirma que Bolsonaro e o deputado Filipe Barros (PSL-PR) participaram do crime de violação de sigilo funcional, mas não chegou a indiciá-los porque ambos possuem foro privilegiado.RelacionadasSegundo a delegada, um entendimento de parte de ministros do STF determina que políticos com foro, como Bolsonaro e Filipe Barros, só podem ser indiciados ""mediante prévia autorização"".Bolsonaro foi intimado pelo ministro Alexandre de Moraes, do STF, a prestar esclarecimentos hoje à tarde na sede da PF em Brasília, mas faltou ao depoimento e recorreu contra a decisão de Moraes. O ministro negou o recurso apresentado pela AGU (Advocacia-geral da União), mas não especificou se agendará uma nova audiência ou adotará outra medida.Segundo a delegada Denisse Ribeiro, o presidente e o deputado se aproveitaram de seus cargos para terem acesso a informações sigilosas e divulgá-las indevidamente. Com o objetivo de desacreditar o sistema eleitoral, Bolsonaro usou as próprias redes sociais para divulgar os documentos, que tratam de um ataque hacker ao TSE (Tribunal Superior Eleitoral).Ao receber o relatório da PF, no final de novembro, Moraes determinou que Bolsonaro fosse ouvido em um prazo de 60 dias, que venceu ontem. Por meio da AGU, o presidente havia se comprometido a indicar data, horário e local para prestar depoimento durante esse período, mas não se manifestou.O único indiciado pelo vazamento, naquela ocasião, foi o tenente-coronel Mauro Cesar Barbosa Cid, ajudante de ordens da Presidência. Segundo a delegada, ele ""revelou conteúdo de inquérito policial que deveria permanecer em segredo até o fim das diligências"", o que implicaria no crime de violação de sigilo funcional.Para o ministro do STF, Bolsonaro divulgou o inquérito com ""o objetivo de expandir a narrativa fraudulenta que se estabelece contra o processo eleitoral brasileiro, com objetivo de tumultuá-lo, dificultá-lo, frustrá-lo ou impedi-lo, atribuindo-lhe, sem quaisquer provas ou indícios, caráter duvidoso acerca de sua lisura"".O UOL procurou o Palácio do Planalto e o deputado Filipe Barros, para que comentem o conteúdo do despacho da PF, e busca contato com o ajudante de ordens Mauro Cid. As respostas serão incluídas no texto assim que forem recebidas.A investigaçãoA investigação vazada pelo presidente é datada de 2018 e havia sido pedida pelo próprio tribunal. Não foram encontrados indícios de que o ataque tenha afetado o resultado das eleições daquele ano. Apesar de ter vencido aquele pleito, Bolsonaro fez várias afirmações sem provas de que houve fraude nas urnas.Segundo a PF, Bolsonaro e os demais envolvidos ""revelaram conteúdo de inquérito policial que deveria permanecer em segredo até o fim das diligências (Súmula nº 14 do STF), ao qual tiveram acesso em razão do cargo de deputado federal relator de uma comissão no Congresso Nacional e de presidente da república, respectivamente, conforme hipótese criminal até aqui corroborada"", segundo trecho do documento.Segundo a delegada, o deputado Filipe Barros recebeu os documentos da PF, de maneira formal, com ""a finalidade expressa"" de usá-los nas discussões da PEC do voto impresso, rejeitada pela Câmara dos Deputados no ano passado. Barros, porém, teria entregue os documentos a Bolsonaro para ""municiá-lo na narrativa"" contra as urnas eletrônicas.Bolsonaro defendeu, à época, a divulgação do inquérito sigiloso. Para o presidente, as informações contidas na investigação interessam ""a todos nós"", e apagá-las agora, como havia determinado Moraes, não surtiria efeito, uma vez que ""todo mundo já copiou"".Bolsonaro também argumentou que o inquérito compartilhado corroborava sua tese de que houve fraude nas eleições de 2018 — o que não é possível provar a partir dos documentos publicados."
20,0,"O papa Francisco afirmou, nesta sexta-feira (28), que compartilhar notícias falsas e desinformação sobre a Covid-19 e as vacinas, incluindo pelos veículos católicos, é uma violação dos direitos humanos.Foi a segunda vez em menos de um mês que o papa de 85 anos falou sobre o assunto. Há três semanas, Francisco condenou a desinformação ideológica “sem fundamentos” sobre vacinas, apoiando campanhas nacionais de imunização e classificando os cuidados à saúde como uma obrigação moral.O papa fez os comentários em um pronunciamento a membros do consórcio catholicfactchecking.com, que reúne de veículos de imprensa católicos e cujo site diz ter o objetivo de “esclarecer notícias falsas e informações enganosas” sobre vacinas contra a Covid. “Estar informado apropriadamente, receber ajuda para situações baseadas em dados científicos e não notícias falsas, é um direito humano”, disse o papa ao grupo. “A informação correta precisa ser garantida acima de tudo aos que são menos equipados, aos mais fracos e aos que são mais vulneráveis.”Francisco denunciou o espalhamento da “infodemia”, que classificou como uma distorção da realidade fundamentada no medo, nas notícias falsas ou inventadas e em “supostas informações científicas”.O pontífice afirmo que os que acreditam em notícias falsas não deveriam ser colocados em “guetos”, mas tentativas precisam ser feitas para tentar conquistá-los com a verdade científica.“As fake news precisam ser refutadas, mas as pessoas individuais precisam ser sempre respeitadas, pois muitas vezes elas acreditam sem consciência total ou responsabilidade”, disse Francisco."
21,0,"Bom dia! Separamos as principais notícias do mundo da Ciência e Tecnologia para você saber tudo o que aconteceu na última quinta-feira (27). Para conferir cada notícia na íntegra, basta clicar nos links a seguir.1. Passageiro processa Uber em US$ 63 milhões por ficar tetraplégico. Usuário que ficou tetraplégico após acidente acusa a Uber de contratar motorista com histórico de infrações.2. Homem-Aranha: Tobey Maguire revela o que o fez retornar ao papel. O ator falou pela primeira vez sobre o longa, mais de um mês após a estreia.3. Nubank: veja quanto você já gastou usando o cartão de crédito. Aplicativo do Nubank permite visualizar o total de gastos desde que o cartão entrou em atividade.4. Amazon é notificada pelo Procon por causa de cupons cumulativos. De acordo com o Procon-SP, a Amazon deverá explicar até o fim do mês um plano de ação para os consumidores que utilizaram os cupons.5. ConecteSUS está liberando passaporte para pessoas não vacinadas. Um professor do Rio Grande do Norte começou a testar, por curiosidade, diversos tipos de QR Code no ConecteSUS, e todos foram validados.6. TIM Brasil lança loja no metaverso e recebe críticas na web. O espaço da TIM no metaverso tenta replicar a experiência de uma nova loja conceito que abriu no Rio, mas o visual defasado está rendendo críticas.7. Messenger recebe criptografia ponta a ponta e aviso de prints. O mensageiro do Facebook vai alertar usuários quando uma captura de tela for realizada no chat secreto.8.Cientistas conseguem regenerar perna amputada de sapo. O BioDome foi criado para inibir a cicatrização e estimular a regeneração do membro amputado.9. Euphoria: Sydney Sweeney fala sobre cenas de nudez de Cassie. A estrela de Euphoria, Sydney Sweeney, comentou sobre as cenas de nudez da sua personagem Cassie e como elas impactaram a atriz.10. Gigante de Kandahar: a fera supostamente morta por soldados dos EUA. Com quase 4,5 metros de altura, o gigante mítico teria sido alvo das Forças Americanas durante a ocupação do Afeganistão, em meados de 2022."
22,0," Dezenas de milhares de pessoas — sobretudo mulheres — foram condenadas à morte por bruxaria em toda a Europa (ilustração suíça do século 15) — Foto: Getty Images/BBCO parlamento regional da Catalunha perdoou formalmente centenas de mulheres executadas por bruxaria entre os séculos 15 e 18.Os parlamentares aprovaram, por ampla maioria, uma resolução para limpar a memória de mais de 700 mulheres que foram torturadas e condenadas à morte.Historiadores espanhóis descobriram que a Catalunha foi uma das primeiras regiões da Europa a realizar caça às bruxas.Também foi considerada uma das piores áreas em relação a execuções.""Descobrimos recentemente os nomes de mais de 700 mulheres que foram perseguidas, torturadas e executadas entre os séculos 15 e 18"", informaram os grupos por trás da resolução.As bruxas eram culpadas com frequência pela morte súbita de crianças ou por colheitas fracas, de acordo com Pau Castell, professor de história moderna da Universidade de Barcelona.Grupos pró-independência e de esquerda dizem que as mulheres foram ""vítimas de perseguição misógina"" e querem que sua memória seja honrada batizando ruas com seus nomes.Acredita-se que dezenas de milhares de pessoas — sobretudo mulheres — foram condenadas à morte por bruxaria em toda a Europa.A resolução na Catalunha segue iniciativas semelhantes na Escócia, Suíça e Noruega.""Antes nos chamavam de bruxas, agora nos chamam de 'feminazis', histéricas ou sexualmente frustradas. Antes conduziam caça às bruxas, o que chamamos hoje de feminicídio"", disse a deputada regional Jenn Diaz, do ERC, segundo a agência de notícias AFP. "
23,0,"Quase uma semana depois de ter alta de uma internação hospitalar que serviu para tratar sequelas respiratórias de um Covid, a atriz Elizangela, de 67 anos, segue se restabelecendo em casa.Segundo o empresário da atriz, Lauro Santanna, ela está bem, se recuperando cada vez mais e está sendo monitorada de perto por um médico e familiares.“Ela está ótima, melhorando cada vez mais. Está em casa, tem um médico que sempre vai vê-la, está por perto, e tem a filha que mora perto. Está tudo certo”, disse ele, que não soube informar se Elizangela ainda faz uso do suporte de oxigênio dado a ela no momento da alta no Hospital Municipal José Rabello de Mello, em Guapimirim.Lauro disse ainda que Elizangela preferiu não conversar publicamente sobre o episódio da internação, e que dá risada quando o assunto vem à tona.    “Ela está ótima, muito bem-humorada e dá risada quando a gente fala da internação. Única coisa que ela diz é: ‘avisa que daqui a pouco estou aí de volta, trabalhando’”, diz.O casoA atriz Elizangela teve alta no fim da tarde deste domingo (23) do Hospital Municipal José Rabello de Mello, em Guapimirim, onde se internou no dia 20 de janeiro por causa de sequelas da Covid.A informação foi confirmada pela assessoria de imprensa da Prefeitura de Guapimirim, que informou ainda que a atriz precisará fazer uso de suporte de oxigênio temporariamente por uma semana para respirar melhor.O empresário da atriz disse acreditar que a gravidade do estado dela se deu por causa dos problemas respiratórios prévios que ela possui. A atriz já teve um efisema pulmonar e foi internada em agosto de 2019, em Teresópolis, na Região Serrana do Rio, com diagnóstico de Doença Pulmonar Obstrutiva Crônica (DPOC).""Como ela já foi internada sem Covid, acredito que o organismo dela tenha sofrido mais por causa desse histórico dela"", disse ele.Internação pós-covidElizangela foi internada na quinta-feira (20), em Guapimirim, na Baixada Fluminense, em estado grave com sequelas respiratórias da Covid.Segundo a prefeitura, no ato de sua internação, Elizangela informou que não tomou nenhuma dose da vacina que ajuda a criar anticorpos contra o vírus da doença.  Elizangela é internada com sequelas da Covid; atriz não tomou vacinaElizangela, que positivou para Covid no dia 12 de janeiro, não tem mais o vírus ativo em seu organismo, mas sofre com a questão respiratória. Segundo seu empresário, nem ele, nem a filha de Elizangela, a bailarina Marcelle Sampaio, sabem se a atriz tomou as vacinas que imunizam contra a Covid.“Ela é uma pessoa muito alegre, alto astral, não gosta de falar sobre doença. Daí, não sabemos ou não. Nunca tivemos esse tipo de conversa”, diz. "
24,0," A fotografia de um jovem sentado sobre o casco de um barco virado no meio do mar na costa da Flórida rodou o mundo.Trata-se de Juan Esteban Montoya, de 22 anos, da Colômbia, conforme apurou a BBC News Mundo, serviço de notícias em espanhol da BBC.O jovem, que foi resgatado na terça-feira (25/1) após passar horas à deriva, disse que deixou as Bahamas na madrugada de domingo com outras 39 pessoas.Ele estava viajando com sua irmã mais nova, María Camila, que desapareceu no naufrágio.A Guarda Costeira dos EUA resgatou cinco corpos do mar antes de encerrar suas buscas — em uma área marítima do tamanho do estado americano de Nova Jersey — na quinta-feira (27/1).As autoridades foram alertadas sobre o ocorrido na terça-feira, quando um navio comercial avistou um homem agarrado ao casco de um barco a cerca de 72 km de Fort Pierce, na Flórida.As autoridades americanas acreditam que a embarcação poderia ser parte de um ""esquema de contrabando de pessoas"".Nenhum dos 40 passageiros estava usando colete salva-vidas, segundo contou Montoya, que é do município de Guacarí, na região do Vale do Cauca, na Colômbia.Ele foi resgatado na terça-feira, quando o capitão do rebocador, Signet Intruder, o avistou em apuros.""Às 8h05, nós o trouxemos a bordo, e ele foi tratado imediatamente. Já que estava desidratado, demos a ele água e um pouco de comida. Ele estava muito fraco e muito angustiado"", contou o gerente de operações da companhia de navegação Signet, na Flórida, ao jornalista Atahualpa Amerise, da BBC News Mundo.    ""Ele nos disse que havia 40 pessoas em seu barco no total, incluindo ele, e que, depois de deixar Bimini à meia-noite de sábado para domingo, eles completaram quatro horas de viagem até que o mau tempo fez o barco virar"".Cerca de 20 pessoas ainda teriam resistido horas agarradas ao casco da embarcação, segundo Montoya contou à tripulação.A capitã Jo-Ann Burdian, comandante da Guarda Costeira do setor de Miami, disse em entrevista coletiva que o incidente ocorreu em uma rota ""habitual"" de contrabando de pessoas das Bahamas para o sul dos EUA.As condições meteorológicas no domingo incluíam uma frente fria severa, ondas altas e ventos fortes.A ilha de Bimini é o distrito mais ocidental das Bahamas e fica a apenas 80 quilômetros de Miami.Incidentes envolvendo embarcações lotadas de pessoas não são incomuns nas águas da Flórida. Muitos casos envolvem migrantes de Cuba e do Haiti tentando chegar aos EUA.Na terça-feira, mesmo dia em que as autoridades souberam do naufrágio, a Guarda Costeira interceptou 191 cidadãos haitianos nas águas próximas às Bahamas.Em outro incidente, apenas alguns dias antes, 88 haitianos foram encontrados em um barco superlotado na área.    ""Navegar pelos Estreitos da Flórida, os Canais de Mona e Barlavento em embarcações superlotadas e aquém das condições adequadas à navegação é extremamente perigoso e pode resultar em perda de vidas"", alertou a Guarda Costeira em comunicado."
25,0," Número de casos registrados de Covid no Brasil passa de 25 milhões em toda a pandemiaO Brasil registrou nesta sexta-feira (28) 779 mortes pela Covid-19 nas últimas 24 horas, totalizando 625.948 óbitos desde o início da pandemia. Com isso, a média móvel de mortes nos últimos 7 dias é de 472 -- a maior registrada desde 5 de outubro do ano passado (quando estava em 479). Em comparação à média de 14 dias atrás, a variação foi de +222%, indicando tendência de alta nos óbitos decorrentes da doença.Já os casos casos conhecidos, tanto em 24 horas quanto na média móvel, voltaram a bater recordes, fazendo o total de diagnósticos registrados na pandemia superar a trágica marca de 25 milhões de infectados (veja detalhes mais abaixo).Brasil, 28 de janeiro    Total de mortes: 625.948    Registro de mortes em 24 horas: 779    Média de novas mortes nos últimos 7 dias: 472 por dia (variação em 14 dias: +222%)    Total de casos conhecidos confirmados: 25.040.161    Registro de casos conhecidos confirmados em 24 horas: 257.239    Média de novos casos nos últimos 7 dias: 183.203 por dia (variação em 14 dias: +169%)Evolução da média móvel de óbitos por Covid no Brasil nos últimos 14 dias. A variação percentual leva em conta a comparação entre os números das duas pontas do período — Foto: Editoria de Arte/g1O país também registrou 257.239 novos casos conhecidos de Covid-19 em 24 horas, um novo recorde, chegando ao total de 25.040.161 diagnósticos confirmados desde o início da pandemia. Com isso, a média móvel de casos nos últimos 7 dias foi a 183.203 --a maior marca registrada até aqui e marcando o décimo primeiro recorde seguido. Em comparação à média de 14 dias atrás, a variação foi de +169%, indicando tendência de alta nos casos da doença.Curva mostra a alta na média móvel de novos casos conhecidos de Covid nas últimas duas semanas — Foto: Editoria de Arte/g1Dessa forma, a média móvel de vítimas da doença atinge agora um patamar já bem acima do que estava às vésperas do ataque hacker que gerou problemas nos registros em todo o Brasil, ocorrido na madrugada entre 9 e 10 de dezembro. Na época, essa média indicava 183 mortos pela doença a cada dia.Os números estão no novo levantamento do consórcio de veículos de imprensa sobre a situação da pandemia de coronavírus no Brasil, consolidados às 20h. O balanço é feito a partir de dados das secretarias estaduais de Saúde.Curva de mortes nos estados    Em alta (21 estados e o DF): PR, PB, CE, MS, RS, AL, AC, SC, GO, RN, AM, DF, SP, SE, ES, RJ, MG, MT, BA, AP, MA, PI    Em estabilidade (3 estados): PE, RO, RR    Em queda (2 estados): PA, TOEssa comparação leva em conta a média de mortes nos últimos 7 dias até a publicação deste balanço em relação à média registrada duas semanas atrás (entenda os critérios usados pelo g1 para analisar as tendências da pandemia).Vale ressaltar que há estados em que o baixo número médio de óbitos pode levar a grandes variações percentuais. Os números de médias móveis são, em geral, em números decimais e arredondados para facilitar a apresentação dos dados. Já a variação percentual para calcular a tendência (alta, estabilidade ou queda) leva em conta os números não arredondados. "
26,0,"A bancada do PSOL na Câmara acionou a Procuradoria da República no Distrito Federal para investigar a ministra Damares Alves, da Mulher, da Família e dos Direitos Humanos, devido à nota técnica produzida pela sua pasta que se opõe ao passaporte vacinal e à obrigatoriedade de vacinação de crianças contra a Covid. O episódio foi revelado pela FolhaOs deputados pedem que o órgão tome providências para que a nota seja anulada e que medidas administrativas, civis ou penais cabíveis, sejam tomadas para responsabilizar os envolvidos por possíveis ilegalidades.Na nota técnica, a pasta de Damares Alves coloca o Disque 100, o principal canal do governo para denúncias de violações dos direitos humanos, à disposição de pessoas antivacinas que passem por ""discriminação"".A apresentação de uma prova de vacinação contra a Covid-19 para circulação por espaços públicos e privados é uma medida sanitária adotada em diferentes países. Passou a ser usual em estabelecimentos privados e em repartições públicas no Brasil.O governo de Jair Bolsonaro (PL) se opõe à medida, assim como apresenta resistência à vacinação de crianças de 5 a 11 anos, o que retardou a imunização infantil.Colunas e BlogsReceba no seu email uma seleção de colunas e blogs da Folha; exclusiva para assinantes.A nota técnica, obtida pela Folha, foi concluída no dia 19. É assinada por três secretários e um diretor da pasta, também apontados à Procuradoria da República no Distrito Federal pelo PSOL.A ministra Damares Alves endossou o documento e o encaminhou a outros ministérios a partir do dia 21.""Mais uma vez o governo federal exerce um papel criminoso e irresponsável ao atacar o passaporte da vacina, se opor à obrigatoriedade da vacinação de crianças e abrir o disque-denúncia aos antivacinas. Não surpreende, porque este se constitui ao modus operandi do governo, mas é lamentável"", diz Taliria Petrone, líder do PSOL na Câmara.""É essencial que o Ministério Público responsabilize essas pessoas negacionistas, que mantêm pensamento anticientífico e que vão contra a saúde da população"", completa a deputada."
27,0,"O pré-candidato à Presidência Sergio Moro (Podemos) recebeu cerca de R$ 200 mil por um parecer de 54 páginas que emitiu em novembro de 2020 em resposta a uma consulta do empresário israelense Beny Steinmetz, pivô de um litígio internacional bilionário com a Vale.O trabalho, cuja conclusão foi contrária aos interesses da mineradora brasileira e favorável aos do israelense, veio a público dias após o ex-juiz federal encerrar a quarentena de seis meses que cumpriu devido à sua participação no governo Jair Bolsonaro, como ministro da Justiça.Menos de um mês depois da emissão desse parecer, a empresa de consultoria Alvarez & Marsal, administradora judicial do processo de recuperação do Grupo Odebrecht, anunciou a contratação do ex-ministro como sócio-diretor para atuar na área de disputas e investigações.​Moro vem sendo pressionado a divulgar quanto recebeu da Alvarez & Marsal, já que a firma foi nomeada para administrar a recuperação judicial de empreiteiras alvos da Lava Jato, a operação que tem no ex-juiz federal o seu maior símbolo.A remuneração é alvo de investigação no TCU (Tribunal de Contas da União) por suspeita de conflito de interesse. Moro disse que divulgará os valores nesta sexta-feira (28).O parecer do ex-juiz para Beny Steinmetz insere-se em um caso em que a Vale tenta receber uma indenização bilionária devido ao fracasso da joint venture com o israelense para a exploração de uma das maiores minas de minério do mundo, a de Simandou, na República da Guiné, país da África Ocidental.O documento escrito por Moro —em papel timbrado da Wolff Moro Sociedade de Advocacia, escritório dele em sociedade com a mulher, Rosângela Moro— conclui que, em tese, executivos da Vale teriam prestado informações falsas e ocultado do mercado e de seus acionistas, de forma fraudulenta, as reais condições em que fechou o negócio com Beny.Moro ressalva, entretanto, que as conclusões dependem de as investigações confirmarem os fatos apresentados pelo empresário na consulta e caso ""não sejam apresentadas escusas idôneas pelos investigados"".FolhaJus+Receba no seu email as notícias sobre o cenário jurídico e conteúdos exclusivos: análise, dicas e eventos; exclusiva para assinantes.A joint venture entre a Vale e a BSGR, a multinacional do bilionário empresário israelense, foi firmada em 2010 e encerrada em 2014 sem ter saído do papel, apesar de mineradora brasileira ter investido US$ 500 milhões à vista no negócio, por 51% da empresa.O acerto entre as duas empresas começou a dar errado após Alpha Condé, que venceu as eleições presidenciais da Guiné meses depois do fechamento do negócio, ter mudado o código de mineração do país, praticamente inviabilizando a exploração.Anos depois, Condé revogou os direitos minerários da nova empresa sob a alegação de indícios de pagamentos de suborno para a concessão das minas quando o país era governado por seu antecessor, Lansana Conté, um militar que deu um golpe de estado que durou 24 anos.Com isso, a Vale ingressou no Tribunal de Arbitragem Internacional de Londres com um processo contra o antigo parceiro. Em 2019 o tribunal deu ganho de causa à mineradora brasileira, determinando pagamento à Vale de US$ 2 bilhões de dólares em indenizações, mas a execução da sentença ainda não foi efetivada.Em janeiro do ano passado, a Justiça na Suíça condenou Beny Steinmetz a uma pena de cinco anos de prisão e multa de cerca de R$ 300 milhões por pagamento de propina para garantir o direito de explorar a mina de Simandou.O empresário, porém, trava uma batalha judicial no Brasil e no exterior para tentar provar que a Vale sabia dos riscos e, inclusive, das suspeitas de corrupção envolvendo a concessão dada pelas antigas autoridades da Guiné. Por isso, não poderia exigir indenização agora.Além da contratação de Moro, Beny também formalizou na mesma época uma consulta ao constitucionalista e professor Pedro Estevam Serrano —o parecer de Serrano também foi contrário à Vale, na linha de que, se as informações da consulta forem confirmadas nas investigações, a empreiteira brasileira pode ser enquadrada na Lei Anticorrupção.Os pareceres de Moro e Serrano serviram para reforçar notícia-crime apresentada por Beny contra a Vale no Ministério Público Federal no Rio de Janeiro e na Promotoria do estado.Em abril do ano passado, ou seja, cinco meses após o parecer do ex-juiz da Lava Jato, a Vale informou que o Ministério Público Federal havia decidido pelo arquivamento do caso. As investigações, porém, prosseguem no âmbito estadual.Dois pontos principais foram apresentados por Beny para os pareceristas brasileiros, que foram instados a responder, entre outros pontos, ao questionamento sobre se a mineradora brasileira teria cometido fraudes e falsidade ideológica ao supostamente esconder do mercado e de seus acionistas as reais condições e as suspeitas envolvendo a operação na Guiné.O primeiro se refere a emails trocados por ex-executivos da Vale que levantam a hipótese de que eles sabiam dos riscos do negócio e das suspeitas de corrupção antes de a joint ventures ser fechada. Esses emails foram entregues pela própria Vale no processo arbitral em Londres.O segundo ponto foram gravações de conversas de ex-executivos da Vale feitas nos Estados Unidos e em Buenos Aires por agentes da empresa particular de espionagem Black Cube, que é comandada por ex-integrantes do Mossad, o serviço secreto de Israel.Em reportagem publicada em dezembro de 2020, a revista Piauí contou em detalhes esses casos, entre eles o do ex-diretor da Vale José Carlos Martins, que foi gravado em um restaurante de Nova York afirmando que a Vale fechou negócio sobre Simandou mesmo desconfiando de irregularidade por parte de Beny Steinmetz.Martins falava informalmente com uma pessoa que ele achava ser o executivo de uma empresa norte-americana interessada em seus serviços de consultoria para um um projeto de mineração no Peru —na verdade, era um agente da Black Cube.A informação de que o bilionário israelense contratou o parecer de Moro foi publicada em novembro de 2020 pelo site The Intercept Brasil.Procurado por meio de sua assessoria, Moro não se manifestou até a publicação desta reportagem.A Vale afirmou que ""Benjamin Steinmetz tem criado versões falaciosas e feito afirmações inverídicas contra a Vale em relação ao caso de Simandou, em uma clara tentativa de inverter o papel de vítima e tentar se furtar de suas responsabilidades pela prática de ilícitos"".De acordo com a mineradora, a empresa jamais teve conhecimento prévio de prática de corrupção pelo empresário israelense para obter a concessão na Guiné e que os emails dos ex-executivos da Vale ""relatam apenas boatos"" que teriam sido dissipados ""mediante a realização pela Vale, com apoio de escritórios de advocacia internacional especializados, de uma profunda due diligence anticorrupção"".""Acrescente-se que o próprio Benjamin Steinmetz apresentou à Vale uma declaração anticorrupção, assegurando a lisura na obtenção dos direitos minerários em questão"", prossegue a empresa, ressaltando a decisões favorável a ela no Tribunal de Arbitragem Internacional de Londres e a condenação de Beny na Suíça.A Vale diz confiar que as investigações em curso no Ministério Público estadual do Rio também serão arquivadas, assim como ocorreu na esfera federal."
28,0,"O TJSP (Tribunal de Justiça de São Paulo) absolveu sumariamente os três engenheiros da Prefeitura de São Paulo acusados de omissão nos laudos de vistoria de prédio que pegou fogo e desabou no largo do Paissandu, no centro da capital paulista, em 2018.A tragédia, na madrugada de 1º de maio daquele ano, deixou sete mortos e dois desaparecidos. O edifício Wilton Paes de Almeida estava ocupado por um grupo sem-teto.Na decisão, foram inocentados Álvaro de Godoy Filho —engenheiro da supervisão técnica de fiscalização da coordenadoria de Planejamento e Desenvolvimento Urbano da Prefeitura Regional da Sé—, Silvio Tadeu Vuoto e Ormelino José Cardoso Lopes —os dois últimos são engenheiros da Secretaria Municipal de Urbanismo e Licenciamento de São Paulo.Vuoto e Lopes foram acusados com base em um laudo que assinaram constatando irregularidades no prédio, mas sem propor interdições. Já Godoy Filho recebeu a acusação pois declarou, em documentos assinados, que ""não verificamos anomalias (...) que impliquem em risco à estabilidade da edificação"".FolhaJus+Receba no seu email as notícias sobre o cenário jurídico e conteúdos exclusivos: análise, dicas e eventos; exclusiva para assinantes.A denúncia também acusou os coordenadores do MSLM (Movimento Social de Luta por Moradia) Ananias Pereira dos Santos, Hamilton Coelho Resende e Nireudes de Jesus Oliveira.Os ativistas, porém, não foram inocentados. Segundo a juíza Margot Chrysostomo Corrêa, ainda há justificativa para a acusação e não há elementos suficientes para a absolvição sumária desses.Para justificar a absolvição dos engenheiros, a juíza afirma que a interdição do prédio é atribuição da Defesa Civil ou mesmo do Ministério Público, e que o laudo elaborado pelos profissionais da Secretaria Municipal de Urbanismo deixava claro que o imóvel não atendia a condições mínimas de segurança contra incêndio.Além disso, a magistrada lembra que Godoy Filho mostrou que, do ponto de vista estrutural, o imóvel não apresentava riscos.""Ou seja, o prédio ruiu por conta do incêndio e não porque apresentava anomalias antes do evento trágico"", diz a decisão.A denúncia dos três engenheiros e dos líderes do movimento ocorreu em 2019, quando a promotoria declarou que os coordenadores da ocupação ""expuseram a perigo a vida, a integridade física e o patrimônio de outras pessoas ao cobrar e receber contribuições financeiras das vítimas e demais moradores do local"".Os moradores pagavam taxas mensais, de cerca de R$ 200, que deveriam ser usadas em reparos e obras de manutenção, mas as melhorias não foram feitas, diz o órgão."
29,0,"O senador Renan Calheiros (MDB-AL) mostrou preocupação com o aumento de casos de covid-19 e as mortes causadas pela doença. Apontando a disseminação da ômicron no Brasil, Calheiros pediu a abertura de outra CPI (Comissão Parlamentar de Inquérito).""Diante da sabotagem diária do governo, os novos casos de infecção explodem. Vacinem-se, usem máscara e evitem aglomerações. Há fatos novos e uma outra CPI é necessária"", falou. Calheiros foi o relator da CPI da Covid, que correu de abril até outubro do ano passado.RelacionadasEm meados de janeiro de 2022, o senador já tinha defendido o início de outra comissão parlamentar para investigar a atuação do governo federal no combate à pandemia nos últimos meses.Desde o fim da primeira CPI, segundo Calheiros, o presidente Jair Bolsonaro (PL) ""voltou a delinquir"" e, por isso, deve ser investigado novamente. O relatório da CPI da Covid atribuiu 10 crimes a Bolsonaro, incluindo comuns e de responsabilidade.Na postagem em rede social hoje, o senador repercutiu uma notícia sobre as 662 mortes pelo coronavírus em 24 horas. O número não alcançava um valor tão alto desde o dia 5 de outubro de 2021, quando o registro atingiu 686 óbitos em 24h —foi desconsiderado o cálculo de 12 de novembro, com 612 mortes, porque a data em questão apresentou dados represados.O Brasil teve 228.972 novos casos conhecidos de covid-19 de quarta para quinta-feira. O número é, pelo segundo dia consecutivo, o maior já registrado em 24 horas desde o começo da pandemia. Os dados são do consórcio de veículos de imprensa, do qual o UOL faz parte."
